"ddg.num","ddg.type","ddg.from","ddg.to"
1,"cf","p1","p2"
2,"cf","p2","p3"
3,"df.out","p3","d1"
4,"cf","p3","p4"
5,"df.in","d1","p4"
6,"cf","p4","p5"
7,"df.in","d1","p5"
8,"cf","p5","p6"
9,"df.out","p6","d2"
10,"cf","p6","p7"
11,"df.out","p7","d3"
12,"cf","p7","p8"
13,"df.out","p8","d4"
14,"cf","p8","p9"
15,"df.out","p9","d5"
16,"cf","p9","p10"
17,"df.out","p10","d6"
18,"cf","p10","p11"
19,"df.out","p11","d7"
20,"cf","p11","p12"
21,"df.out","p12","d8"
22,"cf","p12","p13"
23,"cf","p13","p14"
24,"df.out","p14","d9"
25,"cf","p14","p15"
26,"df.out","p15","d10"
27,"cf","p15","p16"
28,"df.out","p16","d11"
29,"cf","p16","p17"
30,"df.in","d12","p17"
31,"df.out","p17","d13"
32,"cf","p17","p18"
33,"df.out","p18","d14"
34,"cf","p18","p19"
35,"df.in","d9","p19"
36,"df.in","d10","p19"
37,"df.in","d11","p19"
38,"df.out","p19","d15"
39,"cf","p19","p20"
40,"df.in","d5","p20"
41,"df.in","d14","p20"
42,"df.in","d15","p20"
43,"cf","p20","p21"
44,"cf","p21","p22"
45,"df.in","d14","p22"
46,"df.out","p22","d16"
47,"cf","p22","p23"
48,"df.in","d15","p23"
49,"df.out","p23","d17"
50,"df.in","d5","p24"
51,"df.in","d16","p24"
52,"df.in","d17","p24"
53,"cf","p23","p24"
54,"cf","p24","p25"
55,"df.in","d16","p25"
56,"df.in","d17","p25"
57,"df.in","d3","p25"
58,"df.in","d2","p25"
59,"df.in","d4","p25"
60,"df.out","p25","d18"
61,"df.out","p25","d19"
62,"df.out","p25","d20"
63,"df.out","p25","d21"
64,"df.out","p25","d22"
65,"df.out","p25","d23"
66,"df.out","p25","d24"
67,"cf","p25","p26"
68,"df.in","d19","p26"
69,"cf","p26","p27"
70,"df.in","d19","p27"
71,"df.out","p27","d25"
72,"cf","p27","p28"
73,"cf","p28","p29"
74,"df.in","d25","p29"
75,"df.out","p29","d26"
76,"cf","p29","p30"
77,"df.in","d15","p30"
78,"df.in","d7","p30"
79,"df.in","d14","p30"
80,"cf","p30","p31"
81,"cf","p31","p32"
82,"cf","p32","p33"
83,"cf","p33","p34"
84,"cf","p34","p35"
85,"df.out","p35","d27"
86,"cf","p35","p36"
87,"df.in","d27","p36"
88,"df.out","p36","d28"
89,"cf","p36","p37"
90,"df.in","d6","p37"
91,"cf","p37","p38"
92,"cf","p38","p39"
93,"cf","p39","p40"
94,"cf","p40","p41"
95,"cf","p41","p42"
96,"df.out","p42","d29"
97,"cf","p42","p43"
98,"cf","p43","p44"
99,"df.out","p44","d30"
100,"cf","p44","p45"
101,"df.in","d30","p45"
102,"df.out","p45","d31"
103,"cf","p45","p46"
104,"df.in","d29","p46"
105,"df.out","p46","d32"
106,"cf","p46","p47"
107,"df.in","d32","p47"
108,"df.out","p47","d33"
109,"cf","p47","p48"
110,"df.in","d29","p48"
111,"df.in","d31","p48"
112,"df.out","p48","d34"
113,"cf","p48","p49"
114,"df.in","d31","p49"
115,"df.out","p49","d35"
116,"cf","p49","p50"
117,"df.in","d35","p50"
118,"df.out","p50","d36"
119,"cf","p50","p51"
120,"df.in","d36","p51"
121,"df.in","d34","p51"
122,"df.out","p51","d37"
123,"cf","p51","p52"
124,"df.in","d37","p52"
125,"df.out","p52","d38"
126,"cf","p52","p53"
127,"df.in","d29","p53"
128,"df.in","d33","p53"
129,"df.in","d38","p53"
130,"df.out","p53","d39"
131,"cf","p53","p54"
132,"df.in","d33","p54"
133,"df.in","d38","p54"
134,"df.in","d39","p54"
135,"df.in","d29","p54"
136,"df.out","p54","d40"
137,"cf","p54","p55"
138,"df.in","d39","p55"
139,"df.in","d29","p55"
140,"df.out","p55","d41"
141,"cf","p55","p56"
142,"df.in","d40","p56"
143,"df.in","d41","p56"
144,"df.in","d39","p56"
145,"df.out","p56","d42"
146,"cf","p56","p57"
147,"df.in","d42","p57"
148,"cf","p57","p58"
149,"df.in","d42","p58"
150,"df.out","p58","d43"
151,"cf","p58","p59"
152,"cf","p59","p60"
153,"cf","p60","p61"
154,"cf","p61","p62"
155,"cf","p62","p63"
156,"cf","p63","p64"
157,"df.out","p64","d44"
158,"cf","p64","p65"
159,"cf","p65","p66"
160,"df.out","p66","d45"
161,"cf","p66","p67"
162,"df.in","d45","p67"
163,"df.out","p67","d46"
164,"cf","p67","p68"
165,"df.in","d44","p68"
166,"df.out","p68","d47"
167,"cf","p68","p69"
168,"df.in","d47","p69"
169,"df.out","p69","d48"
170,"cf","p69","p70"
171,"df.in","d44","p70"
172,"df.in","d46","p70"
173,"df.out","p70","d49"
174,"cf","p70","p71"
175,"df.in","d46","p71"
176,"df.out","p71","d50"
177,"cf","p71","p72"
178,"df.in","d50","p72"
179,"df.out","p72","d51"
180,"cf","p72","p73"
181,"df.in","d51","p73"
182,"df.in","d49","p73"
183,"df.out","p73","d52"
184,"cf","p73","p74"
185,"df.in","d52","p74"
186,"df.out","p74","d53"
187,"cf","p74","p75"
188,"df.in","d44","p75"
189,"df.in","d48","p75"
190,"df.in","d53","p75"
191,"df.out","p75","d54"
192,"cf","p75","p76"
193,"df.in","d48","p76"
194,"df.in","d53","p76"
195,"df.in","d54","p76"
196,"df.in","d44","p76"
197,"df.out","p76","d55"
198,"cf","p76","p77"
199,"df.in","d54","p77"
200,"df.in","d44","p77"
201,"df.out","p77","d56"
202,"cf","p77","p78"
203,"df.in","d55","p78"
204,"df.in","d56","p78"
205,"df.in","d54","p78"
206,"df.out","p78","d57"
207,"cf","p78","p79"
208,"df.in","d57","p79"
209,"cf","p79","p80"
210,"df.in","d57","p80"
211,"df.out","p80","d58"
212,"cf","p80","p81"
213,"cf","p81","p82"
214,"cf","p82","p83"
215,"cf","p83","p84"
216,"cf","p84","p85"
217,"cf","p85","p86"
218,"df.out","p86","d59"
219,"cf","p86","p87"
220,"cf","p87","p88"
221,"df.out","p88","d60"
222,"cf","p88","p89"
223,"df.in","d60","p89"
224,"df.out","p89","d61"
225,"cf","p89","p90"
226,"df.in","d59","p90"
227,"df.out","p90","d62"
228,"cf","p90","p91"
229,"df.in","d62","p91"
230,"df.out","p91","d63"
231,"cf","p91","p92"
232,"df.in","d59","p92"
233,"df.in","d61","p92"
234,"df.out","p92","d64"
235,"cf","p92","p93"
236,"df.in","d61","p93"
237,"df.out","p93","d65"
238,"cf","p93","p94"
239,"df.in","d65","p94"
240,"df.out","p94","d66"
241,"cf","p94","p95"
242,"df.in","d66","p95"
243,"df.in","d64","p95"
244,"df.out","p95","d67"
245,"cf","p95","p96"
246,"df.in","d67","p96"
247,"df.out","p96","d68"
248,"cf","p96","p97"
249,"df.in","d59","p97"
250,"df.in","d63","p97"
251,"df.in","d68","p97"
252,"df.out","p97","d69"
253,"cf","p97","p98"
254,"df.in","d63","p98"
255,"df.in","d68","p98"
256,"df.in","d69","p98"
257,"df.in","d59","p98"
258,"df.out","p98","d70"
259,"cf","p98","p99"
260,"df.in","d69","p99"
261,"df.in","d59","p99"
262,"df.out","p99","d71"
263,"cf","p99","p100"
264,"df.in","d70","p100"
265,"df.in","d71","p100"
266,"df.in","d69","p100"
267,"df.out","p100","d72"
268,"cf","p100","p101"
269,"df.in","d72","p101"
270,"cf","p101","p102"
271,"df.in","d72","p102"
272,"df.out","p102","d73"
273,"cf","p102","p103"
274,"cf","p103","p104"
275,"df.out","p104","d74"
276,"cf","p104","p105"
277,"df.in","d6","p105"
278,"df.in","d28","p105"
279,"cf","p105","p106"
280,"cf","p106","p107"
281,"df.in","d28","p107"
282,"df.out","p107","d75"
283,"cf","p107","p108"
284,"df.out","p108","d76"
285,"df.in","d6","p109"
286,"df.in","d75","p109"
287,"df.in","d76","p109"
288,"cf","p108","p109"
289,"cf","p109","p110"
290,"df.in","d76","p110"
291,"df.out","p110","d77"
292,"cf","p110","p111"
293,"cf","p111","p112"
294,"df.in","d75","p112"
295,"df.out","p112","d78"
296,"cf","p112","p113"
297,"df.in","d78","p113"
298,"df.out","p113","d79"
299,"cf","p113","p114"
300,"df.in","d77","p114"
301,"df.in","d75","p114"
302,"df.out","p114","d80"
303,"cf","p114","p115"
304,"df.in","d75","p115"
305,"df.in","d80","p115"
306,"df.out","p115","d81"
307,"cf","p115","p116"
308,"df.in","d77","p116"
309,"df.in","d79","p116"
310,"df.out","p116","d82"
311,"cf","p116","p117"
312,"df.in","d79","p117"
313,"df.out","p117","d83"
314,"cf","p117","p118"
315,"df.in","d83","p118"
316,"df.out","p118","d84"
317,"cf","p118","p119"
318,"df.in","d84","p119"
319,"df.in","d82","p119"
320,"df.out","p119","d85"
321,"cf","p119","p120"
322,"df.in","d85","p120"
323,"df.out","p120","d86"
324,"cf","p120","p121"
325,"df.in","d77","p121"
326,"df.in","d81","p121"
327,"df.in","d86","p121"
328,"df.out","p121","d87"
329,"cf","p121","p122"
330,"df.in","d81","p122"
331,"df.in","d86","p122"
332,"df.in","d87","p122"
333,"df.in","d77","p122"
334,"df.out","p122","d88"
335,"cf","p122","p123"
336,"df.in","d87","p123"
337,"df.in","d77","p123"
338,"df.out","p123","d89"
339,"cf","p123","p124"
340,"df.in","d88","p124"
341,"df.in","d89","p124"
342,"df.in","d87","p124"
343,"df.out","p124","d90"
344,"cf","p124","p125"
345,"df.in","d90","p125"
346,"cf","p125","p126"
347,"df.in","d90","p126"
348,"df.out","p126","d91"
349,"cf","p126","p127"
350,"cf","p127","p128"
351,"df.in","d91","p128"
352,"df.out","p128","d92"
353,"cf","p128","p129"
354,"df.in","d92","p129"
355,"df.in","d74","p129"
356,"df.out","p129","d93"
357,"cf","p129","p130"
358,"df.in","d92","p130"
359,"df.in","d74","p130"
360,"df.out","p130","d94"
361,"cf","p130","p131"
362,"cf","p131","p132"
363,"cf","p132","p133"
364,"cf","p133","p134"
365,"cf","p134","p135"
366,"cf","p135","p136"
367,"df.out","p136","d95"
368,"cf","p136","p137"
369,"df.in","d95","p137"
370,"df.out","p137","d96"
371,"cf","p137","p138"
372,"df.in","d6","p138"
373,"cf","p138","p139"
374,"cf","p139","p140"
375,"cf","p140","p141"
376,"cf","p141","p142"
377,"cf","p142","p143"
378,"df.out","p143","d97"
379,"cf","p143","p144"
380,"cf","p144","p145"
381,"df.out","p145","d98"
382,"cf","p145","p146"
383,"df.in","d98","p146"
384,"df.out","p146","d99"
385,"cf","p146","p147"
386,"df.in","d97","p147"
387,"df.out","p147","d100"
388,"cf","p147","p148"
389,"df.in","d100","p148"
390,"df.out","p148","d101"
391,"cf","p148","p149"
392,"df.in","d97","p149"
393,"df.in","d99","p149"
394,"df.out","p149","d102"
395,"cf","p149","p150"
396,"df.in","d99","p150"
397,"df.out","p150","d103"
398,"cf","p150","p151"
399,"df.in","d103","p151"
400,"df.out","p151","d104"
401,"cf","p151","p152"
402,"df.in","d104","p152"
403,"df.in","d102","p152"
404,"df.out","p152","d105"
405,"cf","p152","p153"
406,"df.in","d105","p153"
407,"df.out","p153","d106"
408,"cf","p153","p154"
409,"df.in","d97","p154"
410,"df.in","d101","p154"
411,"df.in","d106","p154"
412,"df.out","p154","d107"
413,"cf","p154","p155"
414,"df.in","d101","p155"
415,"df.in","d106","p155"
416,"df.in","d107","p155"
417,"df.in","d97","p155"
418,"df.out","p155","d108"
419,"cf","p155","p156"
420,"df.in","d107","p156"
421,"df.in","d97","p156"
422,"df.out","p156","d109"
423,"cf","p156","p157"
424,"df.in","d108","p157"
425,"df.in","d109","p157"
426,"df.in","d107","p157"
427,"df.out","p157","d110"
428,"cf","p157","p158"
429,"df.in","d110","p158"
430,"cf","p158","p159"
431,"df.in","d110","p159"
432,"df.out","p159","d111"
433,"cf","p159","p160"
434,"cf","p160","p161"
435,"cf","p161","p162"
436,"cf","p162","p163"
437,"cf","p163","p164"
438,"cf","p164","p165"
439,"df.out","p165","d112"
440,"cf","p165","p166"
441,"cf","p166","p167"
442,"df.out","p167","d113"
443,"cf","p167","p168"
444,"df.in","d113","p168"
445,"df.out","p168","d114"
446,"cf","p168","p169"
447,"df.in","d112","p169"
448,"df.out","p169","d115"
449,"cf","p169","p170"
450,"df.in","d115","p170"
451,"df.out","p170","d116"
452,"cf","p170","p171"
453,"df.in","d112","p171"
454,"df.in","d114","p171"
455,"df.out","p171","d117"
456,"cf","p171","p172"
457,"df.in","d114","p172"
458,"df.out","p172","d118"
459,"cf","p172","p173"
460,"df.in","d118","p173"
461,"df.out","p173","d119"
462,"cf","p173","p174"
463,"df.in","d119","p174"
464,"df.in","d117","p174"
465,"df.out","p174","d120"
466,"cf","p174","p175"
467,"df.in","d120","p175"
468,"df.out","p175","d121"
469,"cf","p175","p176"
470,"df.in","d112","p176"
471,"df.in","d116","p176"
472,"df.in","d121","p176"
473,"df.out","p176","d122"
474,"cf","p176","p177"
475,"df.in","d116","p177"
476,"df.in","d121","p177"
477,"df.in","d122","p177"
478,"df.in","d112","p177"
479,"df.out","p177","d123"
480,"cf","p177","p178"
481,"df.in","d122","p178"
482,"df.in","d112","p178"
483,"df.out","p178","d124"
484,"cf","p178","p179"
485,"df.in","d123","p179"
486,"df.in","d124","p179"
487,"df.in","d122","p179"
488,"df.out","p179","d125"
489,"cf","p179","p180"
490,"df.in","d125","p180"
491,"cf","p180","p181"
492,"df.in","d125","p181"
493,"df.out","p181","d126"
494,"cf","p181","p182"
495,"cf","p182","p183"
496,"cf","p183","p184"
497,"cf","p184","p185"
498,"cf","p185","p186"
499,"cf","p186","p187"
500,"df.out","p187","d127"
501,"cf","p187","p188"
502,"cf","p188","p189"
503,"df.out","p189","d128"
504,"cf","p189","p190"
505,"df.in","d128","p190"
506,"df.out","p190","d129"
507,"cf","p190","p191"
508,"df.in","d127","p191"
509,"df.out","p191","d130"
510,"cf","p191","p192"
511,"df.in","d130","p192"
512,"df.out","p192","d131"
513,"cf","p192","p193"
514,"df.in","d127","p193"
515,"df.in","d129","p193"
516,"df.out","p193","d132"
517,"cf","p193","p194"
518,"df.in","d129","p194"
519,"df.out","p194","d133"
520,"cf","p194","p195"
521,"df.in","d133","p195"
522,"df.out","p195","d134"
523,"cf","p195","p196"
524,"df.in","d134","p196"
525,"df.in","d132","p196"
526,"df.out","p196","d135"
527,"cf","p196","p197"
528,"df.in","d135","p197"
529,"df.out","p197","d136"
530,"cf","p197","p198"
531,"df.in","d127","p198"
532,"df.in","d131","p198"
533,"df.in","d136","p198"
534,"df.out","p198","d137"
535,"cf","p198","p199"
536,"df.in","d131","p199"
537,"df.in","d136","p199"
538,"df.in","d137","p199"
539,"df.in","d127","p199"
540,"df.out","p199","d138"
541,"cf","p199","p200"
542,"df.in","d137","p200"
543,"df.in","d127","p200"
544,"df.out","p200","d139"
545,"cf","p200","p201"
546,"df.in","d138","p201"
547,"df.in","d139","p201"
548,"df.in","d137","p201"
549,"df.out","p201","d140"
550,"cf","p201","p202"
551,"df.in","d140","p202"
552,"cf","p202","p203"
553,"df.in","d140","p203"
554,"df.out","p203","d141"
555,"cf","p203","p204"
556,"cf","p204","p205"
557,"df.out","p205","d142"
558,"cf","p205","p206"
559,"df.in","d6","p206"
560,"df.in","d96","p206"
561,"cf","p206","p207"
562,"cf","p207","p208"
563,"df.in","d96","p208"
564,"df.out","p208","d143"
565,"cf","p208","p209"
566,"df.out","p209","d144"
567,"df.in","d6","p210"
568,"df.in","d143","p210"
569,"df.in","d144","p210"
570,"cf","p209","p210"
571,"cf","p210","p211"
572,"df.in","d144","p211"
573,"df.out","p211","d145"
574,"cf","p211","p212"
575,"cf","p212","p213"
576,"df.in","d143","p213"
577,"df.out","p213","d146"
578,"cf","p213","p214"
579,"df.in","d146","p214"
580,"df.out","p214","d147"
581,"cf","p214","p215"
582,"df.in","d145","p215"
583,"df.in","d143","p215"
584,"df.out","p215","d148"
585,"cf","p215","p216"
586,"df.in","d143","p216"
587,"df.in","d148","p216"
588,"df.out","p216","d149"
589,"cf","p216","p217"
590,"df.in","d145","p217"
591,"df.in","d147","p217"
592,"df.out","p217","d150"
593,"cf","p217","p218"
594,"df.in","d147","p218"
595,"df.out","p218","d151"
596,"cf","p218","p219"
597,"df.in","d151","p219"
598,"df.out","p219","d152"
599,"cf","p219","p220"
600,"df.in","d152","p220"
601,"df.in","d150","p220"
602,"df.out","p220","d153"
603,"cf","p220","p221"
604,"df.in","d153","p221"
605,"df.out","p221","d154"
606,"cf","p221","p222"
607,"df.in","d145","p222"
608,"df.in","d149","p222"
609,"df.in","d154","p222"
610,"df.out","p222","d155"
611,"cf","p222","p223"
612,"df.in","d149","p223"
613,"df.in","d154","p223"
614,"df.in","d155","p223"
615,"df.in","d145","p223"
616,"df.out","p223","d156"
617,"cf","p223","p224"
618,"df.in","d155","p224"
619,"df.in","d145","p224"
620,"df.out","p224","d157"
621,"cf","p224","p225"
622,"df.in","d156","p225"
623,"df.in","d157","p225"
624,"df.in","d155","p225"
625,"df.out","p225","d158"
626,"cf","p225","p226"
627,"df.in","d158","p226"
628,"cf","p226","p227"
629,"df.in","d158","p227"
630,"df.out","p227","d159"
631,"cf","p227","p228"
632,"cf","p228","p229"
633,"df.in","d159","p229"
634,"df.out","p229","d160"
635,"cf","p229","p230"
636,"df.in","d160","p230"
637,"df.in","d142","p230"
638,"df.out","p230","d161"
639,"cf","p230","p231"
640,"df.in","d160","p231"
641,"df.in","d142","p231"
642,"df.out","p231","d162"
643,"cf","p231","p232"
644,"cf","p232","p233"
645,"cf","p233","p234"
646,"cf","p234","p235"
647,"cf","p235","p236"
648,"cf","p236","p237"
649,"df.out","p237","d163"
650,"cf","p237","p238"
651,"df.in","d163","p238"
652,"df.out","p238","d164"
653,"cf","p238","p239"
654,"df.in","d6","p239"
655,"cf","p239","p240"
656,"cf","p240","p241"
657,"cf","p241","p242"
658,"cf","p242","p243"
659,"cf","p243","p244"
660,"df.out","p244","d165"
661,"cf","p244","p245"
662,"cf","p245","p246"
663,"df.out","p246","d166"
664,"cf","p246","p247"
665,"df.in","d166","p247"
666,"df.out","p247","d167"
667,"cf","p247","p248"
668,"df.in","d165","p248"
669,"df.out","p248","d168"
670,"cf","p248","p249"
671,"df.in","d168","p249"
672,"df.out","p249","d169"
673,"cf","p249","p250"
674,"df.in","d165","p250"
675,"df.in","d167","p250"
676,"df.out","p250","d170"
677,"cf","p250","p251"
678,"df.in","d167","p251"
679,"df.out","p251","d171"
680,"cf","p251","p252"
681,"df.in","d171","p252"
682,"df.out","p252","d172"
683,"cf","p252","p253"
684,"df.in","d172","p253"
685,"df.in","d170","p253"
686,"df.out","p253","d173"
687,"cf","p253","p254"
688,"df.in","d173","p254"
689,"df.out","p254","d174"
690,"cf","p254","p255"
691,"df.in","d165","p255"
692,"df.in","d169","p255"
693,"df.in","d174","p255"
694,"df.out","p255","d175"
695,"cf","p255","p256"
696,"df.in","d169","p256"
697,"df.in","d174","p256"
698,"df.in","d175","p256"
699,"df.in","d165","p256"
700,"df.out","p256","d176"
701,"cf","p256","p257"
702,"df.in","d175","p257"
703,"df.in","d165","p257"
704,"df.out","p257","d177"
705,"cf","p257","p258"
706,"df.in","d176","p258"
707,"df.in","d177","p258"
708,"df.in","d175","p258"
709,"df.out","p258","d178"
710,"cf","p258","p259"
711,"df.in","d178","p259"
712,"cf","p259","p260"
713,"df.in","d178","p260"
714,"df.out","p260","d179"
715,"cf","p260","p261"
716,"cf","p261","p262"
717,"cf","p262","p263"
718,"cf","p263","p264"
719,"cf","p264","p265"
720,"cf","p265","p266"
721,"df.out","p266","d180"
722,"cf","p266","p267"
723,"cf","p267","p268"
724,"df.out","p268","d181"
725,"cf","p268","p269"
726,"df.in","d181","p269"
727,"df.out","p269","d182"
728,"cf","p269","p270"
729,"df.in","d180","p270"
730,"df.out","p270","d183"
731,"cf","p270","p271"
732,"df.in","d183","p271"
733,"df.out","p271","d184"
734,"cf","p271","p272"
735,"df.in","d180","p272"
736,"df.in","d182","p272"
737,"df.out","p272","d185"
738,"cf","p272","p273"
739,"df.in","d182","p273"
740,"df.out","p273","d186"
741,"cf","p273","p274"
742,"df.in","d186","p274"
743,"df.out","p274","d187"
744,"cf","p274","p275"
745,"df.in","d187","p275"
746,"df.in","d185","p275"
747,"df.out","p275","d188"
748,"cf","p275","p276"
749,"df.in","d188","p276"
750,"df.out","p276","d189"
751,"cf","p276","p277"
752,"df.in","d180","p277"
753,"df.in","d184","p277"
754,"df.in","d189","p277"
755,"df.out","p277","d190"
756,"cf","p277","p278"
757,"df.in","d184","p278"
758,"df.in","d189","p278"
759,"df.in","d190","p278"
760,"df.in","d180","p278"
761,"df.out","p278","d191"
762,"cf","p278","p279"
763,"df.in","d190","p279"
764,"df.in","d180","p279"
765,"df.out","p279","d192"
766,"cf","p279","p280"
767,"df.in","d191","p280"
768,"df.in","d192","p280"
769,"df.in","d190","p280"
770,"df.out","p280","d193"
771,"cf","p280","p281"
772,"df.in","d193","p281"
773,"cf","p281","p282"
774,"df.in","d193","p282"
775,"df.out","p282","d194"
776,"cf","p282","p283"
777,"cf","p283","p284"
778,"cf","p284","p285"
779,"cf","p285","p286"
780,"cf","p286","p287"
781,"cf","p287","p288"
782,"df.out","p288","d195"
783,"cf","p288","p289"
784,"cf","p289","p290"
785,"df.out","p290","d196"
786,"cf","p290","p291"
787,"df.in","d196","p291"
788,"df.out","p291","d197"
789,"cf","p291","p292"
790,"df.in","d195","p292"
791,"df.out","p292","d198"
792,"cf","p292","p293"
793,"df.in","d198","p293"
794,"df.out","p293","d199"
795,"cf","p293","p294"
796,"df.in","d195","p294"
797,"df.in","d197","p294"
798,"df.out","p294","d200"
799,"cf","p294","p295"
800,"df.in","d197","p295"
801,"df.out","p295","d201"
802,"cf","p295","p296"
803,"df.in","d201","p296"
804,"df.out","p296","d202"
805,"cf","p296","p297"
806,"df.in","d202","p297"
807,"df.in","d200","p297"
808,"df.out","p297","d203"
809,"cf","p297","p298"
810,"df.in","d203","p298"
811,"df.out","p298","d204"
812,"cf","p298","p299"
813,"df.in","d195","p299"
814,"df.in","d199","p299"
815,"df.in","d204","p299"
816,"df.out","p299","d205"
817,"cf","p299","p300"
818,"df.in","d199","p300"
819,"df.in","d204","p300"
820,"df.in","d205","p300"
821,"df.in","d195","p300"
822,"df.out","p300","d206"
823,"cf","p300","p301"
824,"df.in","d205","p301"
825,"df.in","d195","p301"
826,"df.out","p301","d207"
827,"cf","p301","p302"
828,"df.in","d206","p302"
829,"df.in","d207","p302"
830,"df.in","d205","p302"
831,"df.out","p302","d208"
832,"cf","p302","p303"
833,"df.in","d208","p303"
834,"cf","p303","p304"
835,"df.in","d208","p304"
836,"df.out","p304","d209"
837,"cf","p304","p305"
838,"cf","p305","p306"
839,"df.out","p306","d210"
840,"cf","p306","p307"
841,"df.in","d6","p307"
842,"df.in","d164","p307"
843,"cf","p307","p308"
844,"cf","p308","p309"
845,"df.in","d164","p309"
846,"df.out","p309","d211"
847,"cf","p309","p310"
848,"df.out","p310","d212"
849,"df.in","d6","p311"
850,"df.in","d211","p311"
851,"df.in","d212","p311"
852,"cf","p310","p311"
853,"cf","p311","p312"
854,"df.in","d212","p312"
855,"df.out","p312","d213"
856,"cf","p312","p313"
857,"cf","p313","p314"
858,"df.in","d211","p314"
859,"df.out","p314","d214"
860,"cf","p314","p315"
861,"df.in","d214","p315"
862,"df.out","p315","d215"
863,"cf","p315","p316"
864,"df.in","d213","p316"
865,"df.in","d211","p316"
866,"df.out","p316","d216"
867,"cf","p316","p317"
868,"df.in","d211","p317"
869,"df.in","d216","p317"
870,"df.out","p317","d217"
871,"cf","p317","p318"
872,"df.in","d213","p318"
873,"df.in","d215","p318"
874,"df.out","p318","d218"
875,"cf","p318","p319"
876,"df.in","d215","p319"
877,"df.out","p319","d219"
878,"cf","p319","p320"
879,"df.in","d219","p320"
880,"df.out","p320","d220"
881,"cf","p320","p321"
882,"df.in","d220","p321"
883,"df.in","d218","p321"
884,"df.out","p321","d221"
885,"cf","p321","p322"
886,"df.in","d221","p322"
887,"df.out","p322","d222"
888,"cf","p322","p323"
889,"df.in","d213","p323"
890,"df.in","d217","p323"
891,"df.in","d222","p323"
892,"df.out","p323","d223"
893,"cf","p323","p324"
894,"df.in","d217","p324"
895,"df.in","d222","p324"
896,"df.in","d223","p324"
897,"df.in","d213","p324"
898,"df.out","p324","d224"
899,"cf","p324","p325"
900,"df.in","d223","p325"
901,"df.in","d213","p325"
902,"df.out","p325","d225"
903,"cf","p325","p326"
904,"df.in","d224","p326"
905,"df.in","d225","p326"
906,"df.in","d223","p326"
907,"df.out","p326","d226"
908,"cf","p326","p327"
909,"df.in","d226","p327"
910,"cf","p327","p328"
911,"df.in","d226","p328"
912,"df.out","p328","d227"
913,"cf","p328","p329"
914,"cf","p329","p330"
915,"df.in","d227","p330"
916,"df.out","p330","d228"
917,"cf","p330","p331"
918,"df.in","d228","p331"
919,"df.in","d210","p331"
920,"df.out","p331","d229"
921,"cf","p331","p332"
922,"df.in","d228","p332"
923,"df.in","d210","p332"
924,"df.out","p332","d230"
925,"cf","p332","p333"
926,"cf","p333","p334"
927,"df.out","p334","d231"
928,"cf","p334","p335"
929,"df.in","d9","p335"
930,"df.in","d14","p335"
931,"df.out","p335","d232"
932,"cf","p335","p336"
933,"df.in","d232","p336"
934,"df.in","d26","p336"
935,"df.out","p336","d233"
936,"cf","p336","p337"
937,"cf","p337","p338"
938,"df.in","d233","p338"
939,"df.in","d232","p338"
940,"cf","p338","p339"
941,"df.out","p339","d234"
